model,dataset,pr,mse,rmse
AnaNET,hhds_sum_h1,0.9275794699788094,0.01313526090234518,0.11460916697978973
